date,season,neutral,playoff,team1,team2,elo1_pre,elo2_pre,elo_prob1,elo_prob2,elo1_post,elo2_post,qbelo1_pre,qbelo2_pre,qb1,qb2,qb1_value_pre,qb2_value_pre,qb1_adj,qb2_adj,qbelo_prob1,qbelo_prob2,qb1_game_value,qb2_game_value,qb1_value_post,qb2_value_post,qbelo1_post,qbelo2_post,score1,score2
11/1/20,2020,0,,CIN,TEN,1360.74895,1629.486724,0.236347637,0.763652363,1402.574423,1587.661251,1369.936377,1589.199189,Joe Burrow,Ryan Tannehill,148.1677146,229.5575672,13.54673485,28.00177443,0.24049614,0.75950386,267.7418004,162.2173755,160.1251232,222.823548,1411.452093,1547.683473,31,20
11/1/20,2020,0,,KC,NYJ,1721.588069,1317.568045,0.937020524,0.062979476,1725.009955,1314.146159,1703.847468,1319.544099,Patrick Mahomes,Sam Darnold,253.959989,87.84314231,8.226792278,-4.840351783,0.924312413,0.075687587,510.0943347,104.9427224,279.5734236,89.55310032,1708.013369,1315.378198,35,9
11/1/20,2020,0,,GB,MIN,1633.856213,1484.65754,0.774347875,0.225652125,1600.469337,1518.044415,1605.518622,1466.590491,Aaron Rodgers,Kirk Cousins,208.4582501,131.1489616,12.21548119,-11.81849164,0.729100248,0.270899752,311.8805121,147.7770623,218.8004763,132.8117717,1574.736899,1497.372214,22,28
"$44,136.00",2020,0,,BUF,NE,1544.730215,1506.590836,$0.64,0.355782229,1554.152846,1497.168205,1549.110134,1501.273771,Josh Allen,Cam Newton,214.0746759,141.0671338,23.7401093,-6.473479693,0.656596075,0.343403925,123.1730727,198.1539095,204.9845156,146.7758114,1558.16774,1492.216166,24,21
"$44,136.00",2020,0,,MIA,LAR,1492.911373,1594.868673,$0.45,0.552986137,1520.863309,1566.916736,1490.615061,1587.031973,Tua Tagovailoa,Jared Goff,111.0879,196.081962,-72.20035854,10.93415744,0.343905821,0.656094179,64.13830733,97.6542178,106.3929407,186.2391876,1524.974199,1552.672835,28,17
"$44,136.00",2020,0,,DET,IND,1434.712548,1528.781246,$0.46,0.541735879,1407.172528,1556.321266,1448.253454,1547.470842,Matthew Stafford,,174.0818734,164.5704104,3.353670546,8.868969852,0.365567716,0.634432284,170.3910844,222.9841939,173.7127945,170.4117887,1426.922422,1568.801875,21,41
"$44,136.00",2020,0,,BAL,PIT,1666.152376,1612.059976,$0.66,0.335023513,1643.522592,1634.689759,1658.097774,1635.072555,Lamar Jackson,Ben Roethlisberger,235.4165181,198.4992396,1.324424283,10.8930453,0.602497784,0.397502216,85.54849726,184.4138888,220.429716,197.0907046,1638.045621,1655.124708,24,28
"$44,136.00",2020,0,,CLE,OAK,1504.113517,1467.525812,$0.64,0.357832118,1471.825554,1499.813775,1548.800168,1489.317702,Baker Mayfield,Derek Carr,144.561977,229.3466081,4.657510175,24.01177516,0.61375682,0.38624318,30.99535302,102.388151,133.2053146,216.6507624,1518.248395,1519.869475,6,16
11/1/20,2020,0,,DEN,LAC,1477.676154,1443.022682,$0.64,0.360394689,1482.455782,1438.243054,1494.088584,1449.245981,Drew Lock,Justin H,88.07697515,189.1432559,-8.282741181,26.11198163,0.566944475,0.433055525,166.1072647,219.6206493,95.8800041,192.1909953,1499.966962,1443.367603,31,30
11/1/20,2020,0,,SEA,SF,1608.129295,1589.402742,$0.62,0.381787334,1625.76774,1571.764296,1597.421166,1601.347973,Russell Wilson,Jimmy Garoppolo,252.0523567,133.2324963,27.30474521,-1.208720744,0.585946734,0.414053266,358.2597539,-55.77028422,262.6730964,114.3322182,1616.74837,1582.020769,37,27
11/1/20,2020,0,,CHI,NO,1536.676753,1591.726412,$0.51,0.485684222,1522.352103,1606.051062,1541.54179,1591.694421,Nick Foles,Drew Brees,134.2780236,255.4357478,-0.767481041,11.15556239,0.463032714,0.536967286,104.7382247,336.8112487,131.3240437,263.5732978,1528.852233,1604.383978,23,26
11/1/20,2020,0,,PHI,DAL,1473.27629,1406.626114,$0.68,0.319115554,1489.584037,1390.318367,1491.083679,1450.041492,Carson Wentz,Ben DiNucci,148.7271597,8.61498,-6.621394458,-196.3051457,0.824679862,0.175320138,-57.89247542,-13.86407377,128.0651961,6.367074623,1499.544711,1441.580459,23,9
11/2/20,2020,0,,NYG,TB,1338.54469,1610.076071,$0.23,0.766542519,1333.855332,1614.765429,1361.94998,1623.945876,Daniel Jones,Tom Brady,134.8893753,212.8908441,-6.08672067,28.01125069,0.133403683,0.866596317,123.0922582,232.6285034,133.7096636,214.8646101,1359.396142,1626.499713,23,25
11/5/20,2020,0,,SF,GB,1571.764296,1600.469337,0.552043466,0.447956534,1539.31677,1632.916864,1582.020769,1574.736899,Nick Mullens,Aaron Rodgers,83.43458289,218.8004763,-41.49605905,16.77582023,0.484679781,0.515320219,166.4245002,409.2830572,91.73357462,237.8487344,1554.13764,1602.620028,17,34
11/8/20,2020,9,,JAX,HOU,,,,,,,,,,Deshaun Watson,,,,,,,,,,,,,,
11/8/20,2020,0,,WSH,NYG,1369.721681,1333.855332,0.641213133,0.358786867,1351.08921,1352.487803,1384.399014,1359.396142,Kyle Allen,Daniel Jones,98.86494378,133.7096636,-4.229694333,-6.372240488,0.621212621,0.378787379,28.24336927,56.41888793,91.80278633,125.980586,1366.47519,1377.319966,20,23
11/8/20,2020,0,,MIN,DET,1518.044415,1407.172528,0.733489564,0.266510436,1531.410388,1393.806554,1497.372214,1426.922422,Kirk Cousins,Matthew Stafford,132.8117717,173.7127945,-10.39616202,3.001447569,0.629684687,0.370315313,201.9012752,89.67277753,139.720722,165.3087928,1516.621945,1407.672691,34,20
11/8/20,2020,0,,KC,CAR,1725.009955,1412.799689,0.89765137,0.10234863,1726.929637,1410.880007,1708.013369,1410.342081,Patrick Mahomes,Teddy Bridgewater,279.5734236,167.8923636,20.62216995,11.55017453,0.878044877,0.121955123,379.3614529,410.1918773,289.5522265,192.122315,1710.331636,1408.023815,33,31
11/8/20,2020,0,,IND,BAL,1556.321266,1643.522592,0.46809314,0.53190686,1531.22216,1668.621699,1568.801875,1638.045621,Philip Rivers,Lamar Jackson,170.4117887,220.429716,11.34621053,-6.235197972,0.476096486,0.523903514,118.3994854,254.8978212,165.2105584,223.8765265,1543.20938,1663.638115,10,24
11/8/20,2020,0,,ATL,DEN,1500.303565,1482.455782,0.617017993,0.382982007,1515.653298,1467.10605,1477.520907,,Matt Ryan,Drew Lock,201.9538669,95.8800041,7.739512693,-3.967089646,0.538933775,0.461066225,254.4759079,231.3237966,207.206071,109.4243833,1496.462707,1481.025161,34,27
11/8/20,2020,0,,TEN,CHI,1587.661251,1522.352103,0.679204792,0.320795208,1600.256702,1509.756652,1547.683473,1528.852233,Ryan Tannehill,Nick Foles,222.823548,131.3240437,23.23467613,-2.206096934,0.611576853,0.388423147,81.34697724,242.1110014,208.6758909,142.4027395,1563.278537,1513.257169,24,17
11/8/20,2020,0,,BUF,SEA,1554.152846,1625.76774,0.490481552,0.509518448,1578.661976,1601.258609,1558.16774,1616.74837,Josh Allen,Russell Wilson,204.9845156,262.6730964,18.00802367,31.24987781,0.456446776,0.543553224,319.224521,211.972505,216.4085161,257.6030373,1584.599947,1590.316163,44,34
11/8/20,2020,0,,LAC,OAK,1438.243054,1499.813775,0.504934969,0.495065031,1420.120365,1517.936464,1443.367603,1519.869475,Justin Herbert,Derek Carr,192.1909953,216.6507624,26.33025222,16.46326355,0.453069227,0.546930773,259.4218764,148.1981924,198.9140834,209.8055054,1427.369621,1535.867456,26,31
11/8/20,2020,0,,DAL,PIT,1390.318367,1634.689759,0.262591052,0.737408948,1381.617749,1643.390376,1441.580459,1655.124708,Garrett Gilbert,Ben Roethlisberger,16.32312,197.0907046,-177.6577957,9.644125496,0.109826725,0.890173275,180.5673634,364.7284394,32.74754434,213.854478,1438.202877,1658.502291,19,24
11/8/20,2020,0,,,,1531.056045,1520.863309,0.606552627,0.393447373,1513.643707,1538.275647,1521.237737,1524.974199,Kyler Murray,Tua Tagovailoa,247.6403645,106.3929407,41.65385668,-70.93782024,0.732274044,0.267725956,552.7577979,208.6453389,278.1521079,116.6181805,1499.182465,1547.029471,31,34
11/8/20,2020,0,,TB,NO,1614.765429,1606.051062,0.604519874,0.395480126,1569.937223,1650.879268,1626.499713,1604.383978,Tom Brady,Drew Brees,214.8646101,263.5732978,27.59757112,14.66655932,0.599342064,0.400657936,-100.5123956,360.4439363,183.3269095,273.2603617,1582.133796,1648.749895,3,38
11/9/20,2020,0,,NYJ,NE,1314.146159,1497.168205,0.336397571,0.663602429,1305.294117,1506.020246,1315.378198,1492.216166,Joe Flacco,Cam Newton,83.11729758,146.7758114,-10.17915793,-3.295466927,0.296567535,0.703432465,280.9907101,314.6059089,102.9046388,163.5588212,1307.680576,1499.913787,27,30
11/12/20,2020,0,,TEN,IND,1600.256702,1531.22216,0.683859304,0.316140696,1558.159805,1573.319057,1563.278537,1543.20938,Ryan Tannehill,Philip Rivers,208.6758909,165.2105584,14.99911378,8.178284841,0.586745759,0.413254241,111.1092212,248.4517424,198.9192239,173.5346768,1528.394733,1578.093185,17,34
11/15/20,2020,0,,NYG,PHI,1352.487803,1489.584037,0.397709203,0.602290797,1382.351057,1459.720783,1377.319966,1499.544711,Daniel Jones,Carson Wentz,125.980586,128.0651961,-9.918167245,-16.62130649,0.350468671,0.649531329,271.5854209,30.09749182,140.5410695,118.2684257,1410.065433,1466.799244,27,17
11/15/20,2020,0,,CLE,HOU,1471.825554,1453.838913,0.617206863,0.382793137,1482.05304,1443.6,1518.248395,1429.734525,Baker Mayfield,Deshaun Watson,133.2053146,230.6835167,-1.253696535,18.9247192,0.679845397,0.320154603,-1.360132494,139.1450344,119.7487699,221.5296685,1526.626757,1421.356163,10,7
11/15/20,2020,0,,GB,JAX,1632.916864,1316.574713,0.899816007,0.100183993,1635.665262,1313.8,1602.620028,1303.064795,Aaron Rodgers,Jake Luton,237.8487344,45.14366079,25.46115827,-95.52858098,0.93306754,0.06693246,265.6304304,-12.54043379,240.626904,39.37525133,1604.403458,1301.281365,24,20
11/15/20,2020,0,,DET,WSH,1393.806554,1351.08921,0.650234669,0.349765331,1403.051456,1341.8,1407.672691,1366.47519,Matthew Stafford,Alex Smith,165.3087928,143.295778,-1.350625659,43.9437033,0.543796126,0.456203874,315.2542346,225.4325025,180.303337,151.5094504,1420.148329,1353.999552,30,27
11/15/20,2020,0,,CAR,TB,1410.880007,1569.937223,0.367853395,0.632146605,1388.457485,1592.4,1408.023815,1582.133796,Teddy Bridgewater,Tom Brady,192.122315,183.3269095,23.08764149,10.44884228,0.248299045,0.751700955,164.5180305,386.0996713,189.3618865,203.6041857,1393.511052,1596.646559,23,46
11/15/20,2020,0,,MIA,LAC,1538.275647,1420.120365,0.741604851,0.258395149,1548.758009,1409.6,1547.029471,1427.369621,Tua Tagovailoa,Justin Herbert,116.6181805,198.9140834,-62.27830932,28.37528366,0.601257266,0.398742734,143.3945738,138.986199,119.2958199,192.9212949,1564.001603,1410.397489,29,21
11/15/20,2020,0,,OAK,DEN,1517.936464,1467.10605,0.660780308,0.339219692,1538.935093,1446.1,1535.867456,1481.025161,Derek Carr,Drew Lock,209.8055054,109.4243833,12.21747187,3.003454461,0.639391178,0.360608822,110.3784035,-134.7329264,199.8627952,85.00865237,1558.348737,1458.543881,37,12
11/15/20,2020,0,,ARI,BUF,1513.643707,1578.661976,0.499973709,0.500026291,1524.630499,1567.675185,1499.182465,1584.599947,Kyler Murray,Josh Allen,278.1521079,216.4085161,54.82703551,22.81962276,0.481659908,0.518340092,298.3601708,215.9993629,280.1729142,216.3676008,1510.637949,1573.144463,32,30
11/15/20,2020,0,,NO,SF,1650.879268,1539.31677,0.734265978,0.265734022,1664.20243,1525.993608,1648.749895,1554.13764,Drew Brees,Nick Mullens,273.2603617,91.73357462,18.77676328,-35.27176023,0.748375956,0.251624044,14.5651954,74.42951524,247.3908451,90.00316869,1661.298119,1541.589416,27,13
11/15/20,2020,0,,LAR,SEA,1566.916736,1601.258609,0.544006432,0.455993568,1585.620332,1582.555014,1552.672835,1590.316163,Jared Goff,Russell Wilson,186.2391876,257.6030373,5.466062359,27.15235435,0.503648133,0.496351867,123.709586,18.98768298,179.9862275,233.7415019,1573.291769,1569.697228,23,16
11/15/20,2020,0,,PIT,CIN,1643.390376,1402.574423,0.853262021,0.146737979,1651.882411,1394.082389,1658.502291,1411.452093,Ben Roethlisberger,Joe Burrow,213.854478,160.1251232,17.54380596,18.8481024,0.812538916,0.187461084,333.2627977,94.28528626,225.79531,153.5411395,1669.576638,1400.377746,36,10
11/15/20,2020,0,,NE,BAL,1506.020246,1668.621699,0.363122029,0.636877971,1531.957061,1642.684884,1499.913787,1663.638115,Cam Newton,Lamar Jackson,163.5588212,223.8765265,5.260811297,-4.200032813,0.333993022,0.666006978,197.2558021,279.4474656,166.9285193,229.4336204,1527.327592,1636.224311,23,17
11/16/20,2020,0,,CHI,MIN,1509.756652,1531.410388,0.562058636,0.437941364,1487.442691,1553.724349,1513.257169,1516.621945,Nick Foles,Kirk Cousins,142.4027395,139.720722,3.4435558,-6.421878746,0.558623025,0.441376975,-47.17457034,253.4659194,123.4450085,151.0952418,1491.104488,1538.774626,13,19
11/19/20,2020,0,,SEA,ARI,1582.555014,1524.630499,0.669872928,0.330127072,1595.55807,1511.627443,1569.697228,1510.637949,Russell Wilson,Kyler Murray,233.7415019,280.1729142,13.86396891,53.09608688,0.58165017,0.41834983,209.1256858,188.1103977,231.2799203,270.9666625,1586.654638,1493.680539,28,21
11/22/20,2020,0,,JAX,PIT,1313.826314,1651.882411,0.171954636,0.828045364,1303.978569,1661.730156,1301.281365,1669.576638,Jake Luton,Ben Roethlisberger,39.37525133,225.79531,-93.63635666,22.63703165,0.070228848,0.929771152,-153.342687,209.4151999,20.10345749,224.157299,1297.526171,1673.331832,3,27
11/22/20,2020,0,,WSH,CIN,1341.844308,1394.082389,0.518357623,0.481642377,1365.642982,1370.283715,1353.999552,1400.377746,Alex Smith,Joe Burrow,151.5094504,153.5411395,45.85335436,14.61370543,0.528043376,0.471956624,20.22594885,116.6378138,138.3811003,149.8508069,1377.248769,1377.128529,20,9
11/22/20,2020,0,,HOU,NE,1443.611426,1531.957061,0.466453404,0.533546596,1466.038999,1509.529488,1421.356163,1527.327592,Deshaun Watson,Cam Newton,221.5296685,166.9285193,13.40155913,6.682619781,0.414671723,0.585328277,495.4513833,206.9041651,248.9218399,170.9260838,1446.380373,1502.303382,27,20
11/22/20,2020,0,,CLE,PHI,1482.05304,1459.720783,0.623099475,0.376900525,1495.04366,1446.730163,1526.626757,1466.799244,Baker Mayfield,Carson Wentz,119.7487699,118.2684257,-7.919284065,-20.68862638,0.649343093,0.350656907,22.68244091,-4.795926283,110.042137,105.9619905,1538.609611,1454.81639,22,17
11/22/20,2020,0,,CAR,DET,1388.457485,1403.051456,0.572035409,0.427964591,1413.932756,1377.576185,1393.511052,1420.148329,P.J. Walker,Matthew Stafford,0,180.303337,-168.8088413,6.214177711,0.27703153,0.72296847,64.30716834,-82.69902127,6.430716834,154.0031012,1441.14056,1372.518821,20,0
11/22/20,2020,0,,BAL,TEN,1642.684884,1558.159805,0.702814308,0.297185692,1613.338027,1587.506661,1636.224311,1528.394733,Lamar Jackson,Ryan Tannehill,229.4336204,198.9192239,-1.21148422,9.370824608,0.682105709,0.317894291,96.73544628,261.6093031,216.163803,205.1882318,1607.974963,1556.644081,24,30
11/22/20,2020,0,,NO,ATL,1664.20243,1515.653298,0.773693867,0.226306133,1675.641173,1504.214555,1661.298119,1496.462707,Taysom Hill,Matt Ryan,0,207.206071,-242.4876783,9.978639107,0.389692019,0.610307981,235.8938978,-183.0956695,23.58938978,168.1758969,1696.38362,1461.377206,24,9
11/22/20,20,0,,DEN,MIA,1446.107422,1548.758009,0.446027558,0.553972442,1469.547641,1525.317789,1458.543881,1564.001603,Drew Lock,Tua Tagovailoa,85.00865237,119.2958199,-9.35458375,-57.82557419,0.475388489,0.524611511,143.5531801,-6.054225673,90.86310514,106.7608153,1480.532932,1542.012552,20,13
11/22/20,2020,0,,LAC,NYJ,1409.638003,1305.294117,0.726079534,0.273920466,1419.536559,1295.395562,1410.397489,1307.680576,Justin Herbert,Joe Flacco,192.9212949,102.9046388,23.96012526,0.223470588,0.696446862,0.303553138,334.8119045,82.73113615,207.1103559,100.8872886,1421.484236,1296.593828,34,28
11/22/20,2020,0,,MIN,DAL,1553.724349,1381.617749,0.796554161,0.203445839,1528.971412,1406.370686,1538.774626,1438.202877,Kirk Cousins,Andy Dalton,NA,NA,NA,-108.8534186,0.780615712,0.219384288,300.5883084,205.9504492,166.0445484,96.60618251,1514.72057,1462.256932,NA,NA
11/22/20,2020,0,,IND,GB,1573.319057,1635.665262,0.503819043,0.496180957,1587.059539,1621.92478,1578.093185,1604.403458,Philip Rivers,Aaron Rodgers,173.5346768,240.626904,11.9314298,25.57718515,0.491959337,0.508040663,262.2828789,320.6800511,182.409497,248.6322187,1592.21493,1590.281713,34,31
11/22/20,2020,0,,OAK,KC,1538.935093,1726.929637,0.33003793,0.66996207,1528.87406,1736.99067,1558.348737,1710.331636,Derek Carr,Patrick Mahomes,199.8627952,289.5522265,6.635243181,24.58046292,0.287892564,0.712107436,308.1385745,329.0200109,210.6903731,293.499005,1549.700298,1718.980074,31,35
11/23/20,2020,0,,TB,LAR,1592.359745,1585.620332,0.601798679,0.398201321,1575.111911,1602.868165,1596.646559,1573.291769,Tom Brady,Jared Goff,203.6041857,179.9862275,20.06503825,2.066279159,0.617184116,0.382815884,90.60458984,376.03842,192.3042261,199.5914467,1578.863935,1591.074393,24,27
11/26/20,2020,0,,DET,HOU,1377.576185,1466.038999,0.466285532,0.533714468,1351.433269,1492.181915,1372.518821,1446.380373,Matthew Stafford,Deshaun Watson,154.0031012,248.9218399,-7.246649088,26.42756692,0.400488629,0.599511371,70.1352479,307.5681009,145.6163158,254.786466,1350.526026,1468.373168,25,41
44161.00,2020,0,,DAL,WSH,1406.370686,1365.642982,0.64762539,0.35237461,1362.039705,1409.973963,1462.256932,1377.248769,Andy Dalton,Alex Smith,96.60618251,138.3811003,-97.33606616,36.99651156,0.48347059,0.51652941,89.32221416,16.24518401,95.87778567,126.1675086,1430.916737,1408.588964,16,41
44164.00,2020,0,,ATL,OAK,1504.214555,1528.87406,0.557795153,0.442204847,1535.806432,1497.282182,1461.377206,1549.700298,Matt Ryan,Derek Carr,168.1758969,210.6903731,-10.03537987,11.71726998,0.400476116,0.599523884,72.62530139,-53.46450609,158.6208374,184.2748852,1506.42895,1504.648555,43,6
44164.00,2020,0,,NYJ,MIA,1295.395562,1525.317789,0.279011808,0.720988192,1280.391387,1540.321963,1296.593828,1542.012552,Sam Darnold,Ryan Fitzpatrick,89.55310032,200.6754791,-12.13056631,32.71286606,0.189095188,0.810904812,-60.00818788,98.5876003,74.5969715,190.4666913,1286.789807,1551.816573,3,20
44164.00,2020,0,,NE,ARI,1509.529488,1511.627443,0.589547063,0.410452937,1520.593325,1500.563607,1502.303382,1493.680539,Cam Newton,Kyler Murray,170.9260838,270.9666625,8.347271087,45.83815672,0.519141521,0.480858479,-122.4543075,91.80510515,141.5880447,253.0505068,1515.55545,1480.42847,20,17
44164.00,2020,0,,MIN,CAR,1528.971412,1413.932756,0.738152045,0.261847955,1532.326805,1410.577364,1514.72057,1441.14056,Kirk Cousins,Teddy Bridgewater,166.0445484,189.3618865,7.08180464,25.77812884,0.628904014,0.371095986,341.4922208,149.4192178,183.5893157,185.3676196,1519.659332,1436.201798,28,27
44164.00,2020,0,,IND,TEN,1587.059539,1587.506661,0.591844629,0.408155371,1550.527445,1624.038755,1592.21493,1556.644081,Philip Rivers,Ryan Tannehill,182.409497,205.1882318,15.77226841,12.03678733,0.60396241,0.39603759,119.914965,206.6023396,176.1600438,205.3296426,1554.781358,1594.077653,26,45
44164.00,2020,0,,BUF,LAC,1567.675185,1419.536559,0.773279846,0.226720154,1577.587857,1409.623887,1573.144463,1421.484236,Josh Allen,Justin Herbert,216.3676008,207.1103559,21.65818397,29.85664948,0.770396148,0.229603852,127.7308704,101.9084533,207.5039277,196.5901656,1583.195064,1411.433635,27,17
44164.00,2020,0,,JAX,CLE,1303.978569,1495.04366,0.326141459,0.673858541,1297.200886,1501.821343,1297.526171,1538.609611,Mike Glennon,Baker Mayfield,112.9468423,110.042137,-5.747050908,-12.37663631,0.241980578,0.758019422,211.890161,146.7707309,122.8411742,113.7149964,1292.649052,1543.486729,25,27
11/29/20,2020,0,,CIN,NYG,1370.283715,1382.351057,0.575592257,0.424407743,1357.324867,1395.309905,1377.128529,1410.065433,Brandon Allen,Daniel Jones,21.03019398,140.5410695,-116.7827591,-2.142017137,0.312072724,0.687927276,14.03890825,126.1009424,20.3310654,139.0970568,1370.674428,1416.519534,17,19
11/29/20,2020,0,,LAR,SF,1602.868165,1525.993608,0.693534459,0.306465541,1582.313788,1546.547985,1591.074393,1541.589416,Jared Goff,Nick Mullens,199.5914467,90.00316869,11.76557483,-34.37337519,0.646674662,0.353325338,-15.23677336,133.8906514,178.1086247,94.39191695,1572.246104,1560.417705,20,23
11/29/20,2020,0,,DEN,NO,1469.547641,1675.641173,0.30742196,0.69257804,1450.091798,1695.097017,1480.532932,1696.38362,Kendall Hinton,Taysom Hill,0,23.58938978,-96.82273332,-218.5685995,0.419015472,0.580984528,-135.694595,75.39477663,-13.5694595,28.76992846,1453.023857,1723.892694,3,31
11/29/20,2020,0,,TB,KC,1575.111911,1736.99067,0.364084672,0.635915328,1565.443114,1746.659467,1578.863935,1718.980074,Tom Brady,Patrick Mahomes,192.3042261,293.499005,13.41180655,25.32482899,0.34040733,0.65959267,243.5279368,496.79279,197.4265972,313.8283835,1569.894341,1727.949668,24,27
11/29/20,2020,0,,GB,CHI,1621.92478,1487.442691,0.759202317,0.240797683,1634.435052,1474.932419,1590.281713,1491.104488,Aaron Rodgers,Mitchell Trubisky,248.6322187,137.0144364,28.30098325,7.361940453,0.677374349,0.322625651,366.8189144,95.68502598,260.4508883,132.8814954,1607.551579,1473.834622,41,25
11/30/20,2020,0,,PHI,SEA,1446.730163,1595.55807,0.381649637,0.618350363,1432.422229,1609.866004,1454.81639,1586.654638,Carson Wentz,Russell Wilson,105.9619905,231.2799203,-25.80741266,11.93997967,0.324864287,0.675135713,8.061168819,172.9846099,96.17190834,225.4503892,1442.863665,1598.607363,17,23
12/2/20,2020,0,,PIT,BAL,1661.730156,1613.338027,0.657627101,0.342372899,1673.397783,1601.670401,1673.331832,1607.974963,Ben Roethlisberger,Robert Griffin III,224.157299,109.9102721,20.68617456,-114.0393496,0.79352019,0.20647981,241.8951289,104.7607383,225.931082,109.3953187,1680.020078,1601.286717,19,14
12/6/20,2020,0,,MIA,CIN,1540.321963,1357.324867,0.806524915,0.193475085,1549.241568,1348.405262,1551.816573,1370.674428,Tua Tagovailoa,Brandon Allen,106.7608153,20.3310654,-57.73304712,-111.2931854,0.82674174,0.17325826,233.9421863,-35.59148747,119.4789524,14.73881012,1559.728277,1362.762725,19,7
12/6/20,2020,0,,MIN,JAX,1532.326805,1297.200886,0.849113334,0.150886666,1536.00807,1293.51962,1519.659332,1292.649052,Kirk Cousins,Mike Glennon,183.5893157,122.8411742,15.50009803,-0.512532427,0.834298679,0.165701321,149.9584854,115.8445479,180.2262326,122.1415116,1523.733535,1288.574849,27,24
12/6/20,2020,0,,CHI,DET,1474.932419,1351.433269,0.747455695,0.252544305,1448.6181,1377.747588,1473.834622,1350.526026,Mitchell Trubisky,Matthew Stafford,132.8814954,145.6163158,4.927372909,-11.0777093,0.730541465,0.269458535,181.6059869,300.9242597,137.7539445,161.1471102,1448.309138,1376.05151,30,34
12/6/20,2020,0,,HOU,IND,1492.181915,1550.527445,0.50957538,0.49042462,1472.289989,1570.419372,1468.373168,1554.781358,Deshaun Watson,Philip Rivers,254.786466,176.1600438,28.03850162,11.85892839,0.451594628,0.548405372,187.6585136,203.2147765,248.0736708,178.8655171,1451.063395,1572.091131,20,26
12/6/20,2020,0,,NYJ,OAKLAND,1280.391387,1497.282182,0.294349196,0.705650804,1272.757358,-1504,1286.789807,1504.648555,Sam Darnold,Derek Carr,74.5969715,184.2748852,-19.00210241,-2.076337477,0.247829992,0.752170008,130.0103273,263.9045113,80.13830708,192.2378478,1280.472328,1510.966034,28,31
12/6/20,2020,0,,ATL,NO,1535.806432,1695.097017,0.367541065,0.632458935,1523.176825,1707.726624,1506.42895,1723.892694,Matt Ryan,Taysom Hill,158.6208374,28.76992846,-14.31114066,-205.0499002,0.511474796,0.488525204,123.5064258,295.0150102,155.1093962,55.39443664,1488.033471,1742.288173,16,21
12/6/20,2020,0,,TEN,CLE,1624.038755,1501.821343,0.746060388,0.253939612,1592.302727,1533.557372,1594.077653,1543.486729,Ryan Tannehill,Baker Mayfield,205.3296426,113.7149964,11.50565335,-9.921374802,0.649104778,0.350895222,255.051944,394.3855077,210.3018728,141.7820475,1567.526038,1570.038344,35,41
12/6/20,2020,0,,SEA,NYG,1609.866004,1395.309905,0.833307825,0.166692175,1575.657332,1429.518578,1598.607363,1416.519534,Russell Wilson,Colt McCoy,225.4503892,121.9494875,8.428215164,-19.90449194,0.810990873,0.189009127,110.6532539,-36.59559861,213.9706757,106.0949789,1565.768708,1449.358189,12,17
12/6/20,2020,0,,ARI,LAR,1500.563607,1582.313788,0.475913211,0.524086789,1477.912267,1604.965127,1480.42847,1572.246104,Kyler Murray,Jared Goff,253.0505068,178.1086247,34.58817101,0.435885085,0.46657233,0.53342767,140.0324098,363.7846989,241.7486971,196.6762321,1458.286763,1594.387811,28,38
12/6/20,2020,0,,LAC,NE,1409.623887,1520.593325,0.434228018,0.565771982,1377.054366,1553.162845,1411.433635,1515.55545,Justin Herbert,Cam Newton,196.5901656,141.5880447,23.10372187,-6.739112033,0.455634199,0.544365801,-96.62885909,199.5206179,167.2682632,147.381302,1377.027835,1549.961251,0,45
12/6/20,2020,0,,GB,PHI,1634.435052,1432.422229,0.82303538,0.17696462,1642.982263,1423.875018,1607.551579,1442.863665,Aaron Rodgers,Carson Wentz,260.4508883,96.17190834,32.79526888,-29.41208311,0.819496237,0.180503763,282.1116704,-59.2829343,262.6169665,80.62642408,1616.284554,1434.13069,30,16
12/6/20,2020,0,,KC,DEN,1746.659467,1450.091798,0.889077319,0.110922681,1750.367043,1446.384222,1727.949668,1453.023857,Patrick Mahomes,Drew Lock,313.8283835,90.86310514,34.22327679,5.666238241,0.875442107,0.124557893,276.8513288,64.33783094,310.130678,88.21057772,1732.15043,1448.823095,22,16
12/7/20,2020,0,,PIT,WSH,1673.397783,1409.973963,0.868819309,0.131180691,1633.651418,1449.720328,1680.020078,1408.588964,Ben Roethlisberger,Alex Smith,225.931082,126.1675086,20.53875733,29.03989017,0.846587669,0.153412331,235.6323945,275.3789924,226.9012132,141.088657,1641.935796,1446.673247,17,23
12/7/20,2020,0,,SF,BUF,1546.547985,1577.587857,0.548717502,0.451282498,1519.82006,1604.315782,1560.417705,1583.195064,Nick Mullens,Josh Allen,94.39191695,207.5039277,-30.46033229,16.14343825,0.460976778,0.539023222,260.4593216,468.6113563,110.9986574,233.6146706,1538.579934,1605.032835,24,34
12/8/20,2020,0,,BAL,DAL,1601.670401,1362.039705,0.852405695,0.147594305,1609.164722,1354.545384,1601.286717,1430.916737,Lamar Jackson,Andy Dalton,216.163803,95.87778567,-1.826374547,-92.83346126,0.848494225,0.151505775,292.2692158,227.7866635,223.7743443,109.0686735,1608.996094,1423.20736,34,17
12/10/20,2020,0,,LAR,NE,1604.965127,1553.162845,0.66,0.337966812,1624.805176,1533.322797,1594.387811,1549.961251,Jared Goff,Cam Newton,196.6762321,147.381302,9.697894542,-3.505527774,0.641388994,0.358611006,146.0988749,-44.21291966,191.6184964,128.2218799,1615.584342,1528.764719,24,3
12/13/20,2020,0,,CIN,DAL,1348.405262,1354.545384,0.58,0.416095001,1310.271379,1392.679267,1362.762725,1423.20736,Brandon Allen,Andy Dalton,14.73881012,109.0686735,-108.5246538,-81.59634431,0.427047077,0.572952923,177.632046,134.761368,31.02813371,111.6379429,1336.234809,1449.735276,7,30
12/13/20,2020,0,,CAR,DEN,1410.577364,1446.384222,0.54,0.458086284,1390.896628,1466.064959,1436.201798,1448.823095,Teddy Bridgewater,Drew Lock,185.3676196,88.21057772,22.49208896,4.056662618,0.598355961,0.401644039,258.3550534,313.1639008,192.666363,110.70591,1414.062749,1470.962145,27,32
12/13/20,2020,0,,JAX,TEN,1293.51962,1592.302727,0.21,0.793436189,1281.976319,1603.846028,1288.574849,1567.526038,Mike Glennon,Ryan Tannehill,122.1415116,210.3018728,-0.836737121,13.41648576,0.184475722,0.815524278,-46.77747663,192.5868521,105.2496128,208.5303707,1278.36828,1577.732608,10,31
12/13/20,2020,0,,TB,MIN,1565.443114,1536.00807,0.63,0.367347784,1583.512073,1517.939111,1569.894341,1523.733535,Tom Brady,Kirk Cousins,197.4265972,180.2262326,15.30240175,13.04355161,0.65541142,0.34458858,203.0786115,93.73944156,197.9917986,171.5775535,1586.717349,1506.910527,26,14
12/13/20,2020,0,,MIA,KC,1549.241568,1750.367043,0.31,0.68645574,1537.75003,1761.858581,1559.728277,1732.15043,Tua Tagovailoa,Patrick Mahomes,119.4789524,310.130678,-48.48732622,30.66326022,0.226185157,0.773814843,200.0172304,153.9243779,127.5327802,294.510048,1551.704815,1740.173892,27,33
12/13/20,2020,0,,CHI,HOU,1448.6181,1472.289989,0.56,0.440803007,1478.050361,1442.857728,1448.309138,1451.063395,Mitchell Trubisky,Deshaun Watson,137.7539445,248.0736708,7.117228841,23.28017892,0.52570183,0.47429817,246.4803287,83.88433776,148.6265829,231.6547375,1480.31274,1419.059793,36,7
12/13/20,2020,0,,NYG,ARI,1429.518578,1477.912267,0.52,0.47611978,1397.891751,1509.539094,1449.358189,1458.286763,Daniel Jones,Kyler Murray,139.0970568,241.7486971,6.165556268,27.20785761,0.516707637,0.483292363,-158.678245,256.2268822,109.3195266,243.1965156,1418.235535,1489.409417,7,26
12/13/20,2020,0,,OAK,IND,1504.916212,1570.419372,0.499275895,0.500724105,1476.060952,1599.274631,1510.966034,1572.091131,Derek Carr,Philip Rivers,192.2378478,178.8655171,2.008960701,12.61871861,0.453579893,0.546420107,302.981879,227.096102,203.3122509,183.6885756,1485.125704,1597.931461,27,44
12/13/20,2020,0,,SEA,NYJ,1575.657332,1272.757358,0.892621484,0.107378516,1582.350092,1266.064597,1565.768708,1280.472328,Russell Wilson,Sam Darnold,213.9706757,80.13830708,2.266947637,-15.28132949,0.87958409,0.12041591,205.7955768,-37.43952766,213.1531658,68.38052361,1573.340304,1272.900732,40,3
12/13/20,2020,0,,DET,GB,1377.747588,1642.982263,0.240006579,0.759993421,1368.598689,1652.131162,1376.05151,1616.284554,Matthew Stafford,Aaron Rodgers,161.1471102,262.6169665,-2.758426637,32.23854454,0.199784341,0.800215659,189.4975034,385.6719786,163.9821495,274.9224677,1368.563219,1623.772845,24,31
12/13/20,2020,0,,PHI,NO,1423.875018,1707.726624,0.22100641,0.77899359,1447.859205,1683.742436,1434.13069,1742.288173,Jalen Hurts,Taysom Hill,89.32374,55.39443664,-27.01690517,-181.4851511,0.338564973,0.661435027,319.9173955,185.4723779,112.3831055,68.40223077,1453.493486,1722.925378,24,21
12/13/20,2020,0,,LAC,ATL,1377.054366,1523.176825,0.385331662,0.614668338,1394.749063,1505.482129,1377.027835,1488.033471,Justin Herbert,Matt Ryan,167.2682632,155.1093962,7.287584542,-15.35130421,0.431916573,0.568083427,220.8305507,2.40087798,172.6244919,139.8385444,1393.126811,1471.934494,20,17
12/13/20,2020,0,,SF,WSH,1519.82006,1449.720328,0.68518346,0.31481654,1487.740019,1481.800369,1538.579934,1446.673247,Nick Mullens,Alex Smith,110.9986574,141.088657,-20.63394545,35.04846985,0.611782324,0.388217676,20.53706576,-93.08292047,101.9524983,117.6714993,1510.694003,1474.559178,15,23
12/13/20,2020,0,,BUF,PIT,1604.315782,1633.651418,0.55114563,0.44885437,1626.267151,1611.700049,1605.032835,1641.935796,Josh Allen,Ben Roethlisberger,233.6146706,226.9012132,28.39163776,19.99688509,0.507459769,0.492540231,244.7463338,59.96264654,234.7278369,210.2073566,1629.453621,1617.515009,26,15
12/14/20,2020,0,,CLE,BAL,1533.557372,1609.164722,0.484739537,0.515260463,1516.26999,1626.452103,1570.038344,1608.996094,Baker Mayfield,Lamar Jackson,141.7820475,223.7743443,4.608219505,2.070214821,0.496855107,0.503144893,332.8536213,374.2656378,160.8892049,238.8234736,1552.251116,1626.783323,42,47
12/17/20,2020,0,,OAK,LAC,1476.060952,1394.749063,0.698936553,0.301063447,1455.301715,1415.5083,1485.125704,1393.126811,Derek Carr,Justin Herbert,203.3122509,172.6244919,7.445714222,9.601319693,0.670949681,0.329050319,26.3371251,316.6875879,185.6147384,187.0308015,1465.414061,1412.838454,27,30
12/19/20,2020,0,,DEN,BUF,1466.064959,1626.267151,0.366322078,0.633677922,1442.179881,1650.152229,1470.962145,1629.453621,Drew Lock,Josh Allen,110.70591,234.7278369,15.10149564,27.52863904,0.3181521,0.6818479,110.7208052,489.2735917,110.7073995,260.1824124,1450.548885,1649.86688,19,48
12/19/20,2020,0,,GB,CAR,1652.131162,1390.896628,0.86737628,0.13262372,1657.206613,1385.821176,1623.772845,1414.062749,Aaron Rodgers,Teddy Bridgewater,274.9224677,192.666363,36.77936791,25.0168562,0.814881735,0.185118265,70.43199676,197.1489193,254.4734206,193.1146186,1631.055509,1406.780085,24,16
12/20/20,2020,0,,DAL,SF,1392.679267,1487.740019,0.456846728,0.543153272,1416.878519,1463.540766,1449.735276,1510.694003,Andy Dalton,Nick Mullens,111.6379429,101.9524983,-76.23189237,-24.12532776,0.394804244,0.605195756,155.7375166,49.91673476,116.0479003,96.7489219,1477.258654,1483.170625,41,33
12/20/20,2020,0,,TEN,DET,1603.846028,1368.598689,0.849202861,0.150797139,1612.048934,1360.395782,1577.732608,1368.563219,Ryan Tannehill,Matthew Stafford,208.5303707,163.9821495,11.85991044,-1.202985645,0.814585519,0.185414481,398.3646707,218.5376882,227.5138007,169.4377034,1587.995634,1358.300193,46,25
12/20/20,2020,0,,MIN,CHI,1517.939111,1478.050361,0.646522504,0.353477496,1491.517943,1504.471529,1506.910527,1480.31274,Kirk Cousins,Mitchell Trubisky,171.5775535,148.6265829,8.067034479,12.19768661,0.581147549,0.418852451,207.3664119,162.2009719,175.1564394,149.9840218,1483.692922,1503.530346,27,33
12/20/20,2020,0,,MIA,NE,1537.75003,1533.322797,0.598604835,0.401395165,1556.411196,1514.661631,1551.704815,1528.764719,Tua Tagovailoa,Cam Newton,127.5327802,128.2218799,-42.03604601,-12.90996247,0.54552556,0.45447444,181.9902222,105.93445,132.9785244,125.9931369,1573.190648,1507.278886,22,12
12/20/20,2020,0,,WSH,SEA,1481.800369,1582.350092,0.449017631,0.550982369,1,1598.184851,1474.559178,1573.340304,Dwayne Haskins,Russell Wilson,90.41885993,213.1531658,-5.665171859,1.744845309,0.409116086,0.590883914,122.4687397,170.2865035,93.62384791,208.8664996,1460.311997,1587.587485,15,20
12/20/20,2020,0,,IND,HOU,1599.274631,1442.857728,0.781525445,0.218474555,1607.52989,1434.602469,1597.931461,1419.059793,Philip Rivers,Deshaun Watson,183.6885756,231.6547375,14.39931192,13.90670332,0.776006242,0.223993758,212.6726033,310.239076,186.5869783,239.5131713,1606.414765,1410.576489,27,20
12/20/20,2020,0,,BAL,JAX,1626.452103,1281.976319,0.913499457,0.086500543,1631.259212,1277.169211,1626.783323,1278.36828,Lamar Jackson,Gardner Minshew,238.8234736,135.6865112,9.491268757,21.19604877,0.895098614,0.104901386,277.6338005,155.7972313,242.7045063,137.6975832,1632.696965,1272.454637,40,14
44185,2020,0,,ATL,TB,1505.482129,1583.512073,0.48125719,0.51874281,1490.082266,1598.911935,1471.934494,1586.717349,Matt Ryan,Tom Brady,139.8385444,197.9917986,-22.21916491,14.81988238,0.258389882,0.741610118,337.1787605,228.8953142,159.572566,201.0821502,1464.256475,1594.395368,27,31
44185,2020,0,,ARI,PHI,1509.539094,1447.859205,0.674635852,0.325364148,1522.333863,1435.064436,1489.409417,1453.493486,Kyler Murray,Jalen Hurts,243.1965156,112.3831055,26.57137399,-14.13637714,0.663542506,0.336457494,438.84505,263.7019583,262.761369,127.5149908,1502.690111,1440.212792,33,26
44185,2020,0,,LAR,NYJ,1624.805176,1266.064597,0.919771529,0.080228471,1593.220116,1297.649657,1615.584342,1272.900732,Jared Goff,Sam Darnold,191.6184964,68.38052361,6.684131952,-20.39615476,0.914897313,0.085102687,59.18208893,221.6340173,178.3748557,83.70587298,1584.362981,1304.122094,20,23
44185,2020,0,,NO,KC,1683.742436,1761.858581,0.481133313,0.518866687,1670.481648,1775.119369,1722.925378,1740.173892,Drew Brees,Patrick Mahomes,247.3908451,294.510048,13.08161786,21.31978221,0.514706975,0.485293025,124.9726599,227.9878167,235.1490266,287.8578249,1708.588051,1754.511219,29,32
44185,2020,0,,NYG,CLE,1397.891751,1516.26999,0.423781278,0.576218722,1375.48303,1538.67871,1418.235535,1552.251116,Colt McCoy,Baker Mayfield,106.0949789,160.8892049,-12.25603437,13.93138722,0.326724918,0.673275082,94.15864695,343.3718291,104.9013457,179.1374673,1401.495519,1568.991131,6,20
12/21/20,2020,0,,CIN,PIT,1310.271379,1611.700049,0.204078989,0.795921011,1353.038122,1568.933306,1336.234809,1617.515009,Ryan Finley,Ben Roethlisberger,47.54598883,210.2073566,-78.43590417,10.6501125,0.126074476,0.873925524,210.6953081,4.89959063,63.86092076,189.67658,1385.710329,1568.039489,27,17
12/25/20,2020,0,,NO,MIN,1670.481648,1491.517943,0.802876105,0.197123895,1681.113286,1480.886305,1708.588051,1483.692922,Drew Brees,Kirk Cousins,235.1490266,175.1564394,6.30662771,9.453125673,0.816184465,0.183815535,133.9272144,309.6147169,225.0268453,188.6022671,1718.441448,1473.839524,52,33
12/26/20,2020,0,,DET,TB,1360.395782,1598.911935,0.269169697,0.730830303,1341.865651,1617.442067,1358.300193,1594.395368,Matthew Stafford,Tom Brady,169.4377034,201.0821502,1.584940571,15.62406405,0.167010657,0.832989343,-13.01388652,349.7027281,151.1925444,215.944208,1347.2928,1605.402762,7,47
12/26/20,2020,0,,ARI,SF,1522.333863,1463.540766,0.670977694,0.329022306,1491.090011,1494.784619,1502.690111,1483.170625,Kyler Murray,C.J. Beathard,262.761369,97.88726236,35.02523201,-24.38250908,0.659035341,0.340964659,167.3869318,147.5231514,253.2239253,102.8508513,1472.139393,1513.721342,12,20
12/26/20,2020,0,,OAK,MIA,1455.301715,1556.411196,0.448220582,0.551779418,1449.188398,1562.524512,1465.414061,1573.190648,Derek Carr,Tua Tagovailoa,185.6147384,132.9785244,-1.775327781,-37.21137161,0.456007484,0.543992516,226.3340185,56.61949952,189.6866664,125.3426219,1459.179311,1579.425397,25,26
12/27/20,2020,0,,KC,ATL,1775.119369,1490.082266,0.882360469,0.117639531,1777.93331,1487.268325,1754.511219,1464.256475,Patrick Mahomes,Matt Ryan,287.8578249,159.572566,16.92768153,-11.24119586,0.884767414,0.115232586,147.7868395,233.8603179,273.8507263,167.0013412,1757.263199,1461.504495,17,14
12/27/20,2020,0,,PIT,IND,1568.933306,1607.52989,0.53792459,0.46207541,1583.63055,1592.832646,1568.039489,1606.414765,Ben Roethlisberger,Philip Rivers,189.67658,186.5869783,-0.147781425,15.12854771,0.472200555,0.527799445,342.2134132,115.9768338,204.9302633,179.5259639,1585.179349,1589.274905,28,24
12/27/20,2020,0,,HOU,CIN,1434.602469,1353.038122,0.699242266,0.300757734,1405.446866,1382.193725,1410.576489,1385.710329, Deshaun Watson ,Brandon Allen,239.5131713,31.02813371,17.14058508,-99.18943005,0.735644358,0.264355642,362.0109021,349.5152641,251.7629444,62.87684675,1379.429399,1416.85742,31,37
12/27/20,2020,0,,JAX,CHI,1277.169211,1504.471529,0.282055735,0.717944265,1260.258714,1521.382026,1272.454637,1503.530346, Mike Glennon ,Mitchell Trubisky,105.2496128,149.9840218,-11.30618812,12.26652173,0.221663088,0.778336912,118.4243823,219.4984015,106.5670897,156.9354598,1259.47209,1516.512893,17,41
12/27/20,2020.00,0,,BAL,NYG,1631.259212,1375.48303,0.863719893,0.136280107,1637.701017,1369.041225,1632.696965,1401.495519, Lamar Jackson ,Daniel Jones,242.7045063,109.3195266,10.95722166,-7.821868321,0.836568855,0.163431145,310.6595286,38.41366073,249.5000086,102.22894,1640.537594,1393.65489,27,13
12/27/20,2020.00,0,,NYJ,CLE,1297.649657,1538.67871,0.266333617,0.733666383,1330.815706,1505.512661,1304.122094,1568.991131, Sam Darnold ,Baker Mayfield,83.70587298,179.1374673,-11.71367233,22.35894907,0.179214366,0.820785634,86.77700562,-18.0607245,84.01298624,159.4176482,1342.919321,1530.193904,23,16
12/27/20,2020.00,0,,WSH,CAR,1465.965611,1385.821176,0.697520527,0.302479473,1434.907496,1416.879291,1460.311997,1406.780085, Dwayne Haskins ,Teddy Bridgewater,93.62384791,193.1146186,-3.779419275,23.9901412,0.585650329,0.414349671,-120.8933121,30.06846933,72.17213191,176.8100037,1435.271322,1431.82076,13,20
12/27/20,2020.00,0,,LAC,DEN,1415.5083,1442.179881,0.55493635,0.44506365,1427.636782,1430.051399,1412.838454,1450.548885, Justin Herbert ,Drew Lock,187.0308015,110.7073995,16.32440851,14.34716562,0.500888955,0.499111045,181.9662032,41.81655986,186.5243417,103.8183156,1426.672867,1436.714473,19,16
12/27/20,2020.00,0,,SEA,LAR,1598.184851,1593.220116,0.59934805,0.40065195,1,1573.922178,1587.587485,1584.362981, Russell Wilson ,Jared Goff,208.8664996,178.3748557,-0.485730071,-0.271895019,0.557134551,0.442865449,161.3486075,11.37159377,204.1147104,161.6745295,1609.205246,1562.74522,20,9
12/27/20,2020.00,0,,DAL,PHI,1416.878519,1435.064436,0.566966106,0.433033894,1442.696758,1409.246198,1477.258654,1440.212792,Andy Dalton,Jalen Hurts,116.0479003,127.5149908,-70.21531907,-5.863615644,0.515752606,0.484247394,292.4590885,144.737189,133.6890191,129.2372106,1506.598667,1410.872779,37,17
12/27/20,2020,0,,,TEN,1657.206613,1612.048934,0.653422748,0.346577252,1678.962501,1590.293046,1631.055509,1587.995634,Aaron Rodgers,Ryan Tannehill,254.4734206,227.5138007,24.71587597,20.75862991,0.616325875,0.383674125,289.4170948,94.19776433,257.967788,214.1821971,1655.433657,1563.617486,40,14
12/28/20,2020,0,,NE,BUF,1514.661631,8000,0.399925269,0.600074731,1488.301738,1676.512122,1507.278886,1649.86688,Cam Newton,Josh Allen,125.9931369,260.1824124,-13.37883584,38.87949483,0.284396754,0.715603246,70.83105598,500.5470021,120.4769288,284.2188714,1489.24696,1667.898806,9,38
1/3/21,2020,0,,NE,NYJ,1488.301738,1330.815706,0.782574447,0.217425553,1498.996194,1320.12125,1489.24696,1342.919321,Cam Newton,Sam Darnold,120.4769288,84.01298624,-15.46799809,-10.97443208,0.733089135,0.266910865,297.6286027,76.84594297,138.1920962,83.29628192,1502.63502,1329.531261,28,14
1/3/21,2020,0,,NYG,DAL,1369.041225,1442.696758,0.487546264,0.512453736,1385.601629,1426.136354,1393.65489,1506.598667,Daniel Jones,Andy Dalton,102.22894,133.6890191,-10.9760682,-57.8839937,0.460520426,0.539479574,130.8666206,15.58284323,105.0927081,121.8784015,1411.239803,1489.013754,23,19
1/3/21,2020,0,,CIN,BAL,1382.193725,1637.701017,0.250368461,0.749631539,1365.679739,1654.215004,1416.85742,1640.537594,Brandon Allen,Lamar Jackson,62.87684675,249.5000086,-78.30560202,13.8071117,0.165461376,0.834538624,-138.7707313,250.156648,42.71208895,249.5656725,1406.342287,1651.052726,3,38
1/3/21,2020,0,,BUF,MIA,1676.512122,1562.524512,0.736980936,0.263019064,1693.217119,1545.819515,1667.898806,1579.425397,Josh Allen,Tua Tagovailoa,284.2188714,125.3426219,48.95374957,-39.16875427,0.774409713,0.225590287,215.9736086,154.7057942,277.3943451,128.2789392,1682.017277,1565.306926,56,26
1/3/21,2020,0,,TB,ATL,1617.442067,1487.268325,0.754639273,0.245360727,1630.469967,1474.240426,1605.402762,1461.504495,Tom Brady,Matt Ryan,215.944208,167.0013412,22.27388974,-6.964748469,0.767845557,0.232154443,279.6237886,282.9530988,222.312166,178.596517,1617.664815,1449.242442,44,27
1/3/21,2020,0,,DET,MIN,1341.865651,1480.886305,0.395058684,0.604941316,1333.467874,1489.284081,1347.2928,1473.839524,Matthew Stafford,Kirk Cousins,151.1925444,188.6022671,-7.616885954,15.70338327,0.340681619,0.659318381,258.5371447,302.8138828,161.9270044,200.0234287,1340.178185,1480.954139,35,37
1/3/21,2020,0,,CLE,PIT,1505.512661,1583.63055,0.481130806,0.518869194,1516.981769,1572.161442,1530.193904,1585.179349,Baker Mayfield,Mason Rudolph,159.4176482,59.72059229,11.38109202,-137.7232217,0.675767975,0.324232025,210.1342831,169.1944464,164.4893116,70.66797769,1536.927531,1578.445722,24,22
1/3/21,2020,0,,SF,SEA,1494.784619,1617.482789,0.417720661,0.582279339,1483.498926,1628.768481,1513.721342,1609.205246,C.J. Beathard,Russell Wilson,102.8508513,204.1147104,-20.68158918,-2.837338171,0.390153454,0.609846546,172.7993051,157.9938762,109.8456966,199.5026269,1503.272522,1619.654067,23,26
1/3/21,2020,0,,,ARI,1573.922178,1491.090011,0.700774853,0.299225147,1587.856756,1477.155434,1562.74522,1472.139393,John Wolford,Kyler Murray,28.11204,253.2239253,-142.1709528,28.50524854,0.434654857,0.565345143,106.4532848,57.21746813,35.94616448,233.6232796,1591.437411,1443.447202,18,7
1/3/21,2020,0,,IND,JAX,1592.832646,1260.258714,0.907930117,0.092069883,1597.056015,1256.035345,1589.274905,1259.47209,Philip Rivers,Mike Glennon,179.5259639,106.5670897,10.8416131,-10.08214023,0.902476392,0.097523608,35.23977247,72.94903359,165.0973447,103.2052841,1593.767544,1254.979451,28,14
1/3/21,2020,0,,KC,LAC,1777.93331,1427.636782,0.916110688,0.083889312,1712.65209,1492.918002,1757.263199,1426.672867,Chad Henne,Justin Herbert,86.41914361,186.5243417,-178.3538345,15.25495816,0.733018441,0.266981559,236.7020229,317.173593,101.4474315,199.5892668,1711.217029,1472.719037,21,38
1/3/21,2020,0,,CAR,NO,1416.879291,1681.113286,0.241058864,0.758941136,1402.308978,1695.683599,1431.82076,1718.441448,Teddy Bridgewater,Drew Brees,176.8100037,225.0268453,14.63832668,0.930205715,0.203251659,0.796748341,-16.09972793,197.6276446,157.5190305,222.2869253,1419.727571,1730.534638,7,33
1/3/21,2020,0,,HOU,TEN,1405.446866,1590.293046,0.334057528,0.665942472,1396.663313,1599.076599,1379.429399,1563.617486,Deshaun Watson,Ryan Tannehill,,,,,,,,,,,,,99,41
1/3/21,2020,0,,DEN,OAK,1430.051399,1449.188398,0.565621451,0.434378549,1422.043277,1457.196521,1436.714473,1459.179311,Drew Lock,Derek Carr,103.8183156,189.6866664,10.18526535,0.349402617,0.532774604,0.467225396,216.1148156,136.534184,115.0479656,184.3714181,1429.25128,1466.642505,31,32
1/3/21,2020,0,,CHI,GB,1521.382026,1678.962501,0.36983236,0.63016764,1500.118465,1700.226062,1516.512893,1655.433657,Mitchell Trubisky,Aaron Rodgers,156.9354598,257.967788,15.12891463,25.22726588,0.339925813,0.660074187,235.9741671,344.7894542,164.8393305,266.6499547,1497.160456,1674.786093,16,35
1/3/21,2020,0,,PHI,WSH,1409.246198,1434.907496,0.556372248,0.443627752,1387.198958,1456.954736,1410.872779,1435.271322,Jalen Hurts,Alex Smith,129.2372106,117.6714993,-4.709324951,31.18306105,0.461456759,0.538543241,32.16133688,3.902425119,119.5296233,106.2945919,1393.130138,1453.013963,14,20
1/9/21,2020,0,w,BUF,IND,1693.217119,1597.056015,0.716612065,0.283387935,1700.538009,1589.735126,1682.017277,1593.767544,Josh Allen,Philip Rivers,277.3943451,165.0973447,43.09379895,3.085222872,0.755097778,0.244902222,394.3178729,273.9867955,289.0866979,175.9862898,1688.252986,1587.531836,27,24
1/9/21,2020,0,w,SEA,LAR,1628.768481,1587.856756,0.647867095,0.352132905,1596.126702,1620.498535,1619.654067,1591.437411,Russell Wilson,John Wolford,199.5026269,35.94616448,-5.001512971,-131.1453429,0.789337461,0.210662539,74.78288574,-25.62436914,187.0306528,29.78911112,1577.390846,1633.700632,20,30
1/9/21,2020,0,w,WSH,TB,1456.954736,1630.469967,0.348721469,0.651278531,1442.350694,1645.074008,1453.013963,1617.664815,Taylor Heinicke,Tom Brady,8.412341126,222.312166,-73.94679644,24.34417429,0.172837664,0.827162336,235.1117349,216.9695611,31.0822805,221.7779055,1446.254372,1624.424406,23,31
1/10/21,2020,0,w,TEN,BAL,1599.076599,1654.215004,0.514188166,0.485811834,1577.595826,1675.695777,1571.696393,1651.052726,Ryan Tannehill,Lamar Jackson,216.9555565,249.5656725,13.78883151,13.14958808,0.42571398,0.57428602,125.2040963,185.7611956,207.7804105,243.1852248,1554.400295,1668.348824,13,20
1/10/21,2020,0,w,NO,CHI,1695.683599,1500.118465,0.817564555,0.182435445,1704.051294,1491.75077,1730.534638,1497.160456,Drew Brees,Mitchell Trubisky,222.2869253,164.8393305,-0.48626461,18.32440426,0.849819803,0.150180197,267.1262725,200.1615495,226.77086,168.3715524,1737.311296,1490.383798,21,9
1/10/21,2020,0,w,PIT,CLE,1572.161442,1516.981769,0.666369406,0.333630594,1537.130486,1552.012725,1578.445722,1536.927531,Ben Roethlisberger,Baker Mayfield,204.9302633,164.4893116,8.898917691,13.34786917,0.619442736,0.380557264,345.5010151,346.7738599,218.9873385,182.7177665,1546.428911,1568.944343,37,48
1/16/21,2020,0,d,GB,LAR,1700.226062,1620.498535,0.69701394,0.30298606,1715.623187,1605.101409,1674.786093,1633.700632,Aaron Rodgers,Jared Goff,266.6499547,161.6745295,28.3069859,4.218815867,0.710874677,0.289125323,366.6900325,126.7917498,276.6539624,158.1862515,1689.406792,1619.079933,32,18
1/16/21,2020,0,d,BUF,BAL,1700.538009,1675.695777,0.62648659,0.37351341,1719.974149,1656.259637,1688.252986,1668.348824,Josh Allen,Lamar Jackson,289.0866979,243.1852248,46.7852854,9.301884832,0.652885842,0.347114158,131.1201825,12.09374675,273.2900463,220.076077,1706.159766,1650.442044,17,3
1/17/21,2020,0,d,KC,CLE,1712.65209,1552.012725,0.785647202,0.214352798,1719.618921,1545.045894,1711.217029,1568.944343,Patrick Mahomes,Baker Mayfield,273.8507263,182.7177665,10.48129595,21.79470312,0.789927485,0.210072515,252.9522553,107.2412044,271.7608792,175.1701103,1718.032247,1562.129125,22,17
1/17/21,2020,0,d,NO,TB,1704.051294,1645.074008,0.671211725,0.328788275,1669.939047,1679.186255,1737.311296,1624.424406,Drew Brees,Tom Brady,226.77086,221.7779055,1.780015984,22.85983532,0.705858899,0.294141101,-58.49756083,221.469763,198.2440179,221.7470913,1700.946212,1660.789489,20,30
1/24/21,2020,0,c,GB,TB,1715.623187,1679.186255,0.641968421,0.358031579,,,,,Aaron Rodgers,Tom Brady,276.6539624,221.7470913,31.89364049,21.70143643,0.629191003,0.370808997,,,,,,,,
1/24/21,2020,0,c,KC,BUF,1719.618921,1719.974149,0.591972407,0.408027593,,,,,,Josh Allen,254.7295345,273.2900463,-8.119037164,36.54769536,0.506285596,0.493714404,,,,,,,,
2/7/21,2020,1,s,,,,,,,,,,,,,,,0,0,,,,,,,,,,